Akaa
Alajärvi
Alavieska
Alavus
Asikkala
Askola
Aura
Brändö
Central Finland
Central Ostrobothnia
Eckerö
Enonkoski
Enontekiö
Espoo
Etelä-Savo
Eura
Eurajoki
Evijärvi
Finström
Forssa
Föglö
Geta
Haapajärvi
Haapavesi
Hailuoto
Halsua
Hamina
Hammarland
Hankasalmi
Hanko
Harjavalta
Hartola
Hattula
Hausjärvi
Heinola
Heinävesi
Helsinki
Hirvensalmi
Hollola
Honkajoki
Huittinen
Humppila
Hyrynsalmi
Hyvinkää
Hämeenkyrö
Hämeenlinna
Ii
Iisalmi
Iitti
Ikaalinen
Ilmajoki
Ilomantsi
Imatra
Inari
Inkoo
Isojoki
Isokyrö
Janakkala
Joensuu
Jokioinen
Jomala
Joroinen
Joutsa
Juankoski
Juuka
Juupajoki
Juva
Jyväskylä
Jämijärvi
Jämsä
Järvenpää
Kaarina
Kaavi
Kainuu
Kajaani
Kalajoki
Kangasala
Kangasniemi
Kankaanpää
Kannonkoski
Kannus
Kanta-Häme
Karijoki
Karkkila
Karstula
Karvia
Kaskinen
Kauhajoki
Kauhava
Kauniainen
Kaustinen
Keitele
Kemi
Kemijärvi
Keminmaa
Kemiönsaari
Kempele
Kerava
Keuruu
Kihniö
Kinnula
Kirkkonummi
Kitee
Kittilä
Kiuruvesi
Kivijärvi
Kokemäki
Kokkola
Kolari
Konnevesi
Kontiolahti
Korsnäs
Koski Tl
Kotka
Kouvola
Kristiinankaupunki
Kruunupyy
Kuhmo
Kuhmoinen
Kumlinge
Kuopio
Kuortane
Kurikka
Kustavi
Kuusamo
Kymenlaakso
Kyyjärvi
Kärkölä
Kärsämäki
Kökar
Lahti
Laihia
Laitila
Lapinjärvi
Lapinlahti
Lapland
Lappajärvi
Lappeenranta
Lapua
Laukaa
Lemi
Lemland
Lempäälä
Leppävirta
Lestijärvi
Lieksa
Lieto
Liminka
Liperi
Lohja
Loimaa
Loppi
Loviisa
Luhanka
Lumijoki
Lumparland
Luoto
Luumäki
Luvia
Maalahti
Maarianhamina - Mariehamn
Marttila
Masku
Merijärvi
Merikarvia
Miehikkälä
Mikkeli
Muhos
Multia
Muonio
Mustasaari
Muurame
Mynämäki
Myrskylä
Mäntsälä
Mänttä-Vilppula
Mäntyharju
Naantali
Nakkila
Nivala
Nokia
North Karelia
North Ostrobothnia
Nousiainen
Nurmes
Nurmijärvi
Närpiö
Orimattila
Oripää
Orivesi
Ostrobothnia
Oulainen
Oulu
Outokumpu
Padasjoki
Paimio
Paltamo
Parainen
Parikkala
Parkano
Pedersören kunta
Pelkosenniemi
Pello
Perho
Pertunmaa
Petäjävesi
Pieksämäki
Pielavesi
Pietarsaari
Pihtipudas
Pirkanmaa
Pirkkala
Pohjois-Savo
Polvijärvi
Pomarkku
Pori
Pornainen
Porvoo, former
Posio
Pudasjärvi
Pukkila
Punkalaidun
Puolanka
Puumala
Pyhtää
Pyhäjoki
Pyhäjärvi
Pyhäntä
Pyhäranta
Päijät-Häme
Pälkäne
Pöytyä
Raahe
Raasepori
Raisio
Rantasalmi
Ranua
Rauma
Rautalampi
Rautavaara
Rautjärvi
Reisjärvi
Riihimäki
Ristijärvi
Rovaniemi
Ruokolahti
Ruovesi
Rusko
Rääkkylä
Saarijärvi
Salla
Salo
Saltvik
Sastamala
Satakunta
Sauvo
Savitaipale
Savonlinna
Savukoski
Seinäjoki
Sievi
Siikainen
Siikajoki
Siikalatva
Siilinjärvi
Simo
Sipoo
Siuntio
Sodankylä
Soini
Somero
Sonkajärvi
Sotkamo
Sottunga
South Karelia
South Ostrobothnia
Sulkava
Sund
Suomussalmi
Suonenjoki
Sysmä
Säkylä
Taipalsaari
Taivalkoski
Taivassalo
Tammela
Tampere
Tervo
Tervola
Teuva
Tohmajärvi
Toholampi
Toivakka
Tornio
Turku
Tuusniemi
Tuusula
Tyrnävä
Ulvila
Urjala
Utajärvi
Utsjoki
Uurainen
Uusikaarlepyy
Uusikaupunki
Uusimaa
Vaala
Vaasa
Valkeakoski
Valtimo
Vantaa
Varkaus
Varsinais-Suomi
Vehmaa
Vesanto
Vesilahti
Veteli
Vieremä
Vihti
Viitasaari
Vimpeli
Virolahti
Virrat
Vårdö
Vöyri
Ylitornio
Ylivieska
Ylöjärvi
Ypäjä
Ähtäri
Äänekoski
Åland
